part_id,name,instance_path,product_step_id,n_entities,output_file
000,D_Frame13_Top_NF5320573200,D_Frame13_Top_NF5320573200.1,313858,40406,part_000_D_Frame13_Top_NF5320573200.stp
001,D_NF5320405201,D_NF5320405201.1,1042091,54332,part_001_D_NF5320405201.stp
002,D_NF5320406201,D_NF5320406201.1,990457,51614,part_002_D_NF5320406201.stp
003,D_NF5320407201,D_NF5320407201.1,941628,48809,part_003_D_NF5320407201.stp
004,D_NF5320408201,D_NF5320408201.1,889980,51628,part_004_D_NF5320408201.stp
005,D_NF5320409201,D_NF5320409201.1,840643,49317,part_005_D_NF5320409201.stp
006,D_NF5320410201,D_NF5320410201.1,815242,25381,part_006_D_NF5320410201.stp
007,D_NF5320413201,D_NF5320413201.1,777616,37606,part_007_D_NF5320413201.stp
008,D_NF5320544200,D_NF5320544200.1,721362,56234,part_008_D_NF5320544200.stp
009,FR13_RH_NF5320563200,FR13_RH_NF5320563200.1,274514,37604,part_009_FR13_RH_NF5320563200.stp
010,Frame_13_LHNF5320473200,Frame_13_LHNF5320473200.1,235651,37106,part_010_Frame_13_LHNF5320473200.stp
011,NF5320400200,NF5320400200.2,55,190358,part_011_NF5320400200.stp
012,NF5320405200,NF5320405200.1,465562,54332,part_012_NF5320405200.stp
013,NF5320406200,NF5320406200.1,519914,51614,part_013_NF5320406200.stp
014,NF5320407200,NF5320407200.1,571548,48809,part_014_NF5320407200.stp
015,NF5320408200,NF5320408200.1,620377,51628,part_015_NF5320408200.stp
016,NF5320409200,NF5320409200.1,672025,49317,part_016_NF5320409200.stp
017,NF5320410200,NF5320410200.1,402535,25381,part_017_NF5320410200.stp
018,NF5320413200,NF5320413200.1,427936,37606,part_018_NF5320413200.stp
019,NF5320414200,NF5320414200.1,355902,46613,part_019_NF5320414200.stp
020,NF5320468200,NF5320468200.1,190440,10212,part_020_NF5320468200.stp
021,NF5320468201,NF5320468201.1,202384,10212,part_021_NF5320468201.stp
022,NF5320548200,NF5320548200.1,213819,18782,part_022_NF5320548200.stp
